{
    "customerID": "3617-XLSGQ",
    "gender": "Female",
    "SeniorCitizen": "0",
    "Partner": "Yes",
    "Dependents": "Yes",
    "tenure": "66",
    "PhoneService": "Yes",
    "MultipleLines": "Yes",
    "InternetService": "Fiber optic",
    "OnlineSecurity": "Yes",
    "OnlineBackup": "Yes",
    "DeviceProtection": "Yes",
    "TechSupport": "No",
    "StreamingTV": "Yes",
    "StreamingMovies": "Yes",
    "Contract": "Two year",
    "PaperlessBilling": "No",
    "PaymentMethod": "Bank transfer (automatic)",
    "MonthlyCharges": "109.25",
    "TotalCharges": "7082.5",
    "Churn": "No"
}