{
    "customerID": "2233-FAGXV",
    "gender": "Female",
    "SeniorCitizen": "0",
    "Partner": "Yes",
    "Dependents": "Yes",
    "tenure": "5",
    "PhoneService": "Yes",
    "MultipleLines": "Yes",
    "InternetService": "No",
    "OnlineSecurity": "No internet service",
    "OnlineBackup": "No internet service",
    "DeviceProtection": "No internet service",
    "TechSupport": "No internet service",
    "StreamingTV": "No internet service",
    "StreamingMovies": "No internet service",
    "Contract": "Month-to-month",
    "PaperlessBilling": "Yes",
    "PaymentMethod": "Mailed check",
    "MonthlyCharges": "24.3",
    "TotalCharges": "132.25",
    "Churn": "No"
}