{
    "customerID": "1004-NOZNR",
    "gender": "Male",
    "SeniorCitizen": "1",
    "Partner": "No",
    "Dependents": "Yes",
    "tenure": "56",
    "PhoneService": "Yes",
    "MultipleLines": "No",
    "InternetService": "Fiber optic",
    "OnlineSecurity": "Yes",
    "OnlineBackup": "No",
    "DeviceProtection": "No",
    "TechSupport": "No",
    "StreamingTV": "Yes",
    "StreamingMovies": "Yes",
    "Contract": "One year",
    "PaperlessBilling": "No",
    "PaymentMethod": "Credit card (automatic)",
    "MonthlyCharges": "94.8",
    "TotalCharges": "5264.3",
    "Churn": "No"
}