{
    "customerID": "4500-HKANN",
    "gender": "Male",
    "SeniorCitizen": "0",
    "Partner": "Yes",
    "Dependents": "Yes",
    "tenure": "23",
    "PhoneService": "Yes",
    "MultipleLines": "Yes",
    "InternetService": "DSL",
    "OnlineSecurity": "No",
    "OnlineBackup": "Yes",
    "DeviceProtection": "No",
    "TechSupport": "Yes",
    "StreamingTV": "No",
    "StreamingMovies": "No",
    "Contract": "Two year",
    "PaperlessBilling": "No",
    "PaymentMethod": "Mailed check",
    "MonthlyCharges": "59.7",
    "TotalCharges": "1414.2",
    "Churn": "No"
}