{
    "customerID": "7009-PCARS",
    "gender": "Male",
    "SeniorCitizen": "0",
    "Partner": "No",
    "Dependents": "Yes",
    "tenure": "55",
    "PhoneService": "Yes",
    "MultipleLines": "No",
    "InternetService": "No",
    "OnlineSecurity": "No internet service",
    "OnlineBackup": "No internet service",
    "DeviceProtection": "No internet service",
    "TechSupport": "No internet service",
    "StreamingTV": "No internet service",
    "StreamingMovies": "No internet service",
    "Contract": "One year",
    "PaperlessBilling": "No",
    "PaymentMethod": "Bank transfer (automatic)",
    "MonthlyCharges": "19.1",
    "TotalCharges": "1001.5",
    "Churn": "No"
}