{
    "customerID": "6680-WKXRZ",
    "gender": "Female",
    "SeniorCitizen": "0",
    "Partner": "No",
    "Dependents": "No",
    "tenure": "3",
    "PhoneService": "Yes",
    "MultipleLines": "Yes",
    "InternetService": "Fiber optic",
    "OnlineSecurity": "No",
    "OnlineBackup": "No",
    "DeviceProtection": "No",
    "TechSupport": "No",
    "StreamingTV": "No",
    "StreamingMovies": "No",
    "Contract": "Month-to-month",
    "PaperlessBilling": "No",
    "PaymentMethod": "Bank transfer (automatic)",
    "MonthlyCharges": "74.4",
    "TotalCharges": "215.8",
    "Churn": "Yes"
}