{
    "customerID": "0023-UYUPN",
    "gender": "Female",
    "SeniorCitizen": "1",
    "Partner": "Yes",
    "Dependents": "No",
    "tenure": "50",
    "PhoneService": "Yes",
    "MultipleLines": "Yes",
    "InternetService": "No",
    "OnlineSecurity": "No internet service",
    "OnlineBackup": "No internet service",
    "DeviceProtection": "No internet service",
    "TechSupport": "No internet service",
    "StreamingTV": "No internet service",
    "StreamingMovies": "No internet service",
    "Contract": "One year",
    "PaperlessBilling": "No",
    "PaymentMethod": "Electronic check",
    "MonthlyCharges": "25.2",
    "TotalCharges": "1306.3",
    "Churn": "No"
}