{
    "customerID": "5067-XJQFU",
    "gender": "Male",
    "SeniorCitizen": "1",
    "Partner": "Yes",
    "Dependents": "Yes",
    "tenure": "66",
    "PhoneService": "Yes",
    "MultipleLines": "Yes",
    "InternetService": "Fiber optic",
    "OnlineSecurity": "No",
    "OnlineBackup": "Yes",
    "DeviceProtection": "Yes",
    "TechSupport": "Yes",
    "StreamingTV": "Yes",
    "StreamingMovies": "Yes",
    "Contract": "One year",
    "PaperlessBilling": "Yes",
    "PaymentMethod": "Electronic check",
    "MonthlyCharges": "108.45",
    "TotalCharges": "7076.35",
    "Churn": "No"
}