{
    "customerID": "4615-PIVVU",
    "gender": "Female",
    "SeniorCitizen": "0",
    "Partner": "No",
    "Dependents": "No",
    "tenure": "42",
    "PhoneService": "Yes",
    "MultipleLines": "No",
    "InternetService": "DSL",
    "OnlineSecurity": "No",
    "OnlineBackup": "No",
    "DeviceProtection": "Yes",
    "TechSupport": "Yes",
    "StreamingTV": "No",
    "StreamingMovies": "Yes",
    "Contract": "Two year",
    "PaperlessBilling": "No",
    "PaymentMethod": "Credit card (automatic)",
    "MonthlyCharges": "66.5",
    "TotalCharges": "2762.75",
    "Churn": "No"
}