{
    "customerID": "0392-BZIUW",
    "gender": "Female",
    "SeniorCitizen": "0",
    "Partner": "Yes",
    "Dependents": "No",
    "tenure": "72",
    "PhoneService": "Yes",
    "MultipleLines": "Yes",
    "InternetService": "Fiber optic",
    "OnlineSecurity": "Yes",
    "OnlineBackup": "No",
    "DeviceProtection": "Yes",
    "TechSupport": "No",
    "StreamingTV": "Yes",
    "StreamingMovies": "Yes",
    "Contract": "Two year",
    "PaperlessBilling": "Yes",
    "PaymentMethod": "Credit card (automatic)",
    "MonthlyCharges": "105",
    "TotalCharges": "7589.8",
    "Churn": "No"
}