{
    "customerID": "0709-TVGUR",
    "gender": "Female",
    "SeniorCitizen": "1",
    "Partner": "No",
    "Dependents": "No",
    "tenure": "9",
    "PhoneService": "Yes",
    "MultipleLines": "Yes",
    "InternetService": "Fiber optic",
    "OnlineSecurity": "No",
    "OnlineBackup": "No",
    "DeviceProtection": "No",
    "TechSupport": "No",
    "StreamingTV": "No",
    "StreamingMovies": "No",
    "Contract": "Month-to-month",
    "PaperlessBilling": "Yes",
    "PaymentMethod": "Electronic check",
    "MonthlyCharges": "74.55",
    "TotalCharges": "622.9",
    "Churn": "Yes"
}