{
    "customerID": "8919-FYFQZ",
    "gender": "Male",
    "SeniorCitizen": "1",
    "Partner": "Yes",
    "Dependents": "No",
    "tenure": "44",
    "PhoneService": "No",
    "MultipleLines": "No phone service",
    "InternetService": "DSL",
    "OnlineSecurity": "No",
    "OnlineBackup": "Yes",
    "DeviceProtection": "No",
    "TechSupport": "No",
    "StreamingTV": "No",
    "StreamingMovies": "No",
    "Contract": "Month-to-month",
    "PaperlessBilling": "Yes",
    "PaymentMethod": "Electronic check",
    "MonthlyCharges": "30.35",
    "TotalCharges": "1359.7",
    "Churn": "Yes"
}