{
    "customerID": "5181-OABFK",
    "gender": "Female",
    "SeniorCitizen": "0",
    "Partner": "Yes",
    "Dependents": "Yes",
    "tenure": "56",
    "PhoneService": "Yes",
    "MultipleLines": "No",
    "InternetService": "DSL",
    "OnlineSecurity": "Yes",
    "OnlineBackup": "Yes",
    "DeviceProtection": "Yes",
    "TechSupport": "No",
    "StreamingTV": "No",
    "StreamingMovies": "No",
    "Contract": "Two year",
    "PaperlessBilling": "Yes",
    "PaymentMethod": "Credit card (automatic)",
    "MonthlyCharges": "61.3",
    "TotalCharges": "3346.8",
    "Churn": "No"
}