{
    "customerID": "8166-ZZTFS",
    "gender": "Female",
    "SeniorCitizen": "1",
    "Partner": "Yes",
    "Dependents": "No",
    "tenure": "66",
    "PhoneService": "Yes",
    "MultipleLines": "Yes",
    "InternetService": "DSL",
    "OnlineSecurity": "No",
    "OnlineBackup": "Yes",
    "DeviceProtection": "Yes",
    "TechSupport": "No",
    "StreamingTV": "Yes",
    "StreamingMovies": "Yes",
    "Contract": "Two year",
    "PaperlessBilling": "Yes",
    "PaymentMethod": "Bank transfer (automatic)",
    "MonthlyCharges": "80.55",
    "TotalCharges": "5265.1",
    "Churn": "Yes"
}