{
    "customerID": "8375-DKEBR",
    "gender": "Female",
    "SeniorCitizen": "1",
    "Partner": "No",
    "Dependents": "No",
    "tenure": "1",
    "PhoneService": "Yes",
    "MultipleLines": "No",
    "InternetService": "Fiber optic",
    "OnlineSecurity": "No",
    "OnlineBackup": "No",
    "DeviceProtection": "No",
    "TechSupport": "No",
    "StreamingTV": "No",
    "StreamingMovies": "No",
    "Contract": "Month-to-month",
    "PaperlessBilling": "Yes",
    "PaymentMethod": "Electronic check",
    "MonthlyCharges": "69.6",
    "TotalCharges": "69.6",
    "Churn": "Yes"
}