{
    "customerID": "2013-SGDXK",
    "gender": "Female",
    "SeniorCitizen": "0",
    "Partner": "No",
    "Dependents": "No",
    "tenure": "1",
    "PhoneService": "Yes",
    "MultipleLines": "No",
    "InternetService": "Fiber optic",
    "OnlineSecurity": "No",
    "OnlineBackup": "Yes",
    "DeviceProtection": "No",
    "TechSupport": "No",
    "StreamingTV": "Yes",
    "StreamingMovies": "No",
    "Contract": "Month-to-month",
    "PaperlessBilling": "No",
    "PaymentMethod": "Electronic check",
    "MonthlyCharges": "84.3",
    "TotalCharges": "84.3",
    "Churn": "Yes"
}