{
    "customerID": "3696-XRIEN",
    "gender": "Female",
    "SeniorCitizen": "0",
    "Partner": "No",
    "Dependents": "No",
    "tenure": "50",
    "PhoneService": "Yes",
    "MultipleLines": "Yes",
    "InternetService": "DSL",
    "OnlineSecurity": "Yes",
    "OnlineBackup": "No",
    "DeviceProtection": "Yes",
    "TechSupport": "Yes",
    "StreamingTV": "Yes",
    "StreamingMovies": "Yes",
    "Contract": "One year",
    "PaperlessBilling": "Yes",
    "PaymentMethod": "Credit card (automatic)",
    "MonthlyCharges": "82.5",
    "TotalCharges": "4179.1",
    "Churn": "No"
}