{
    "customerID": "8969-PRHFK",
    "gender": "Male",
    "SeniorCitizen": "0",
    "Partner": "No",
    "Dependents": "No",
    "tenure": "18",
    "PhoneService": "Yes",
    "MultipleLines": "No",
    "InternetService": "No",
    "OnlineSecurity": "No internet service",
    "OnlineBackup": "No internet service",
    "DeviceProtection": "No internet service",
    "TechSupport": "No internet service",
    "StreamingTV": "No internet service",
    "StreamingMovies": "No internet service",
    "Contract": "One year",
    "PaperlessBilling": "No",
    "PaymentMethod": "Mailed check",
    "MonthlyCharges": "19.65",
    "TotalCharges": "411.25",
    "Churn": "No"
}