{
    "customerID": "5887-IKKYO",
    "gender": "Male",
    "SeniorCitizen": "0",
    "Partner": "Yes",
    "Dependents": "Yes",
    "tenure": "58",
    "PhoneService": "Yes",
    "MultipleLines": "Yes",
    "InternetService": "Fiber optic",
    "OnlineSecurity": "No",
    "OnlineBackup": "No",
    "DeviceProtection": "Yes",
    "TechSupport": "Yes",
    "StreamingTV": "No",
    "StreamingMovies": "Yes",
    "Contract": "Two year",
    "PaperlessBilling": "No",
    "PaymentMethod": "Bank transfer (automatic)",
    "MonthlyCharges": "94.35",
    "TotalCharges": "5563.65",
    "Churn": "No"
}