{
    "customerID": "4632-XJMEX",
    "gender": "Male",
    "SeniorCitizen": "0",
    "Partner": "No",
    "Dependents": "Yes",
    "tenure": "53",
    "PhoneService": "Yes",
    "MultipleLines": "No",
    "InternetService": "DSL",
    "OnlineSecurity": "Yes",
    "OnlineBackup": "Yes",
    "DeviceProtection": "No",
    "TechSupport": "Yes",
    "StreamingTV": "No",
    "StreamingMovies": "No",
    "Contract": "One year",
    "PaperlessBilling": "No",
    "PaymentMethod": "Credit card (automatic)",
    "MonthlyCharges": "62.85",
    "TotalCharges": "3419.5",
    "Churn": "No"
}