{
    "customerID": "1963-SVUCV",
    "gender": "Male",
    "SeniorCitizen": "0",
    "Partner": "No",
    "Dependents": "No",
    "tenure": "1",
    "PhoneService": "Yes",
    "MultipleLines": "No",
    "InternetService": "DSL",
    "OnlineSecurity": "No",
    "OnlineBackup": "No",
    "DeviceProtection": "No",
    "TechSupport": "No",
    "StreamingTV": "No",
    "StreamingMovies": "No",
    "Contract": "Month-to-month",
    "PaperlessBilling": "No",
    "PaymentMethod": "Electronic check",
    "MonthlyCharges": "45.3",
    "TotalCharges": "45.3",
    "Churn": "Yes"
}