{
    "customerID": "9544-PYPSJ",
    "gender": "Female",
    "SeniorCitizen": "1",
    "Partner": "Yes",
    "Dependents": "Yes",
    "tenure": "62",
    "PhoneService": "Yes",
    "MultipleLines": "Yes",
    "InternetService": "Fiber optic",
    "OnlineSecurity": "No",
    "OnlineBackup": "Yes",
    "DeviceProtection": "Yes",
    "TechSupport": "No",
    "StreamingTV": "No",
    "StreamingMovies": "Yes",
    "Contract": "Month-to-month",
    "PaperlessBilling": "Yes",
    "PaymentMethod": "Credit card (automatic)",
    "MonthlyCharges": "96.1",
    "TotalCharges": "6019.35",
    "Churn": "No"
}